<Backups xmlns="http://www.microsoft.com/GroupPolicy/GPOOperations/Manifest" xmlns:mfst="http://www.microsoft.com/GroupPolicy/GPOOperations/Manifest" mfst:version="1.0"><BackupInst><GPOGuid><![CDATA[{0F6FBD3F-04C4-4906-8475-88ED64E68F72}]]></GPOGuid><GPODomain><![CDATA[CIS.BM]]></GPODomain><GPODomainGuid><![CDATA[{09a94884-59a0-4a2a-8795-69a6bc23c4e7}]]></GPODomainGuid><GPODomainController><![CDATA[WindowsBMDC.CIS.BM]]></GPODomainController><BackupTime><![CDATA[2022-08-04T20:34:58]]></BackupTime><ID><![CDATA[{41BB1AC6-3CA5-4D1B-8EB3-BF8341B13836}]]></ID><Comment><![CDATA[Windows Server 2019 Azure 21H2 DC NGWS]]></Comment><GPODisplayName><![CDATA[Windows Server 2019 Azure 21H2 DC NGWS]]></GPODisplayName></BackupInst></Backups>