<BackupInst xmlns="http://www.microsoft.com/GroupPolicy/GPOOperations/Manifest"><GPOGuid><![CDATA[{18BA72FF-2FC4-4EF8-9353-DEF9EFEDD25E}]]></GPOGuid><GPODomain><![CDATA[CIS.BM]]></GPODomain><GPODomainGuid><![CDATA[{09a94884-59a0-4a2a-8795-69a6bc23c4e7}]]></GPODomainGuid><GPODomainController><![CDATA[WindowsBMDC.CIS.BM]]></GPODomainController><BackupTime><![CDATA[2023-01-24T15:40:17]]></BackupTime><ID><![CDATA[{E6CF6C47-F2EE-4A59-B3C0-76705147D0F6}]]></ID><Comment><![CDATA[CIS Azure Compute Microsoft Windows Server 2022 v1.0.0 -Services Domain Controller]]></Comment><GPODisplayName><![CDATA[Windows Server 2022 Azure 21H2 DC Services]]></GPODisplayName></BackupInst>
