<Backups xmlns="http://www.microsoft.com/GroupPolicy/GPOOperations/Manifest" xmlns:mfst="http://www.microsoft.com/GroupPolicy/GPOOperations/Manifest" mfst:version="1.0"><BackupInst><GPOGuid><![CDATA[{4F55E4AB-8B65-46E4-9271-CEE3CA4BB854}]]></GPOGuid><GPODomain><![CDATA[CIS.BM]]></GPODomain><GPODomainGuid><![CDATA[{09a94884-59a0-4a2a-8795-69a6bc23c4e7}]]></GPODomainGuid><GPODomainController><![CDATA[WindowsBMDC.CIS.BM]]></GPODomainController><BackupTime><![CDATA[2023-01-24T15:17:16]]></BackupTime><ID><![CDATA[{B481C53C-5869-43EE-9258-25B0CE37F4BC}]]></ID><Comment><![CDATA[CIS Azure Compute Microsoft Windows Server 2022 v1.0.0 - Level 1 Domain Controller]]></Comment><GPODisplayName><![CDATA[Windows Server 2022 Azure 21H2 DC L1]]></GPODisplayName></BackupInst></Backups>