<BackupInst xmlns="http://www.microsoft.com/GroupPolicy/GPOOperations/Manifest"><GPOGuid><![CDATA[{F4FBF500-7AAE-452E-A7DB-83C7DE870458}]]></GPOGuid><GPODomain><![CDATA[CIS.BM]]></GPODomain><GPODomainGuid><![CDATA[{09a94884-59a0-4a2a-8795-69a6bc23c4e7}]]></GPODomainGuid><GPODomainController><![CDATA[WindowsBMDC.CIS.BM]]></GPODomainController><BackupTime><![CDATA[2023-01-24T15:39:59]]></BackupTime><ID><![CDATA[{34C7C103-029E-4F37-BD6D-7994A4289E21}]]></ID><Comment><![CDATA[CIS Azure Compute Microsoft Windows Server 2022 v1.0.0 - Next Generation Domain Controller]]></Comment><GPODisplayName><![CDATA[Windows Server 2022 Azure 21H2 DC NGWS]]></GPODisplayName></BackupInst>
