<BackupInst xmlns="http://www.microsoft.com/GroupPolicy/GPOOperations/Manifest"><GPOGuid><![CDATA[{D828405A-1808-4CAD-A7BE-38D8FE559419}]]></GPOGuid><GPODomain><![CDATA[CIS.BM]]></GPODomain><GPODomainGuid><![CDATA[{09a94884-59a0-4a2a-8795-69a6bc23c4e7}]]></GPODomainGuid><GPODomainController><![CDATA[WindowsBMDC.CIS.BM]]></GPODomainController><BackupTime><![CDATA[2023-04-11T19:58:09]]></BackupTime><ID><![CDATA[{B1153237-AD70-4AF4-AAB5-3E4199EE421B}]]></ID><Comment><![CDATA[CIS Microsoft Windows Server 2019 v2.0.0 Member Server Level 2]]></Comment><GPODisplayName><![CDATA[Windows Server 2019 22H2 MS L2]]></GPODisplayName></BackupInst>
