<BackupInst xmlns="http://www.microsoft.com/GroupPolicy/GPOOperations/Manifest"><GPOGuid><![CDATA[{8C54F3D3-920D-422B-BC68-C90AB41F7F52}]]></GPOGuid><GPODomain><![CDATA[CIS.BM]]></GPODomain><GPODomainGuid><![CDATA[{09a94884-59a0-4a2a-8795-69a6bc23c4e7}]]></GPODomainGuid><GPODomainController><![CDATA[WindowsBMDC.CIS.BM]]></GPODomainController><BackupTime><![CDATA[2022-09-19T14:49:17]]></BackupTime><ID><![CDATA[{D4E85992-BD54-4626-AB19-E4B8D3776DC2}]]></ID><Comment><![CDATA[CIS Azure Compute Microsoft Windows Server 2019 v1.0.0 Domain Controller Services]]></Comment><GPODisplayName><![CDATA[Windows Server 2019 Azure 21H2 DC Services]]></GPODisplayName></BackupInst>
