<BackupInst xmlns="http://www.microsoft.com/GroupPolicy/GPOOperations/Manifest"><GPOGuid><![CDATA[{12E7FC4E-14B8-466F-9689-E1F9B740ECFC}]]></GPOGuid><GPODomain><![CDATA[CIS.BM]]></GPODomain><GPODomainGuid><![CDATA[{09a94884-59a0-4a2a-8795-69a6bc23c4e7}]]></GPODomainGuid><GPODomainController><![CDATA[WindowsBMDC.CIS.BM]]></GPODomainController><BackupTime><![CDATA[2022-09-19T14:48:34]]></BackupTime><ID><![CDATA[{7DF2CA04-BF1C-457F-93AE-BEE6D9ECB58D}]]></ID><Comment><![CDATA[CIS Azure Compute Microsoft Windows Server 2019 v1.0.0 Domain Controller Level 1]]></Comment><GPODisplayName><![CDATA[Windows Server 2019 Azure 21H2 DC L1]]></GPODisplayName></BackupInst>
