<BackupInst xmlns="http://www.microsoft.com/GroupPolicy/GPOOperations/Manifest"><GPOGuid><![CDATA[{DF9567C1-E13E-47FC-AEFC-B6A6BC55EDAC}]]></GPOGuid><GPODomain><![CDATA[CIS.BM]]></GPODomain><GPODomainGuid><![CDATA[{09a94884-59a0-4a2a-8795-69a6bc23c4e7}]]></GPODomainGuid><GPODomainController><![CDATA[WindowsBMDC.CIS.BM]]></GPODomainController><BackupTime><![CDATA[2023-04-11T19:32:36]]></BackupTime><ID><![CDATA[{614D24D4-BCDA-45D5-A616-4373AB15A8ED}]]></ID><Comment><![CDATA[CIS Microsoft Windows Server 2019 v2.0.0 Domain Controller Level 1]]></Comment><GPODisplayName><![CDATA[Windows Server 2019 22H2 DC L1]]></GPODisplayName></BackupInst>
