<Backups xmlns="http://www.microsoft.com/GroupPolicy/GPOOperations/Manifest" xmlns:mfst="http://www.microsoft.com/GroupPolicy/GPOOperations/Manifest" mfst:version="1.0"><BackupInst><GPOGuid><![CDATA[{6F3313C7-39D5-406C-BEB5-A83CD523B11E}]]></GPOGuid><GPODomain><![CDATA[CIS.BM]]></GPODomain><GPODomainGuid><![CDATA[{09a94884-59a0-4a2a-8795-69a6bc23c4e7}]]></GPODomainGuid><GPODomainController><![CDATA[WindowsBMDC.CIS.BM]]></GPODomainController><BackupTime><![CDATA[2023-04-11T19:33:07]]></BackupTime><ID><![CDATA[{41D31990-95E9-4D9E-9BBA-6617D1AE196C}]]></ID><Comment><![CDATA[CIS Microsoft Windows Server 2019 v2.0.0 Domain Controller Level 2]]></Comment><GPODisplayName><![CDATA[Windows Server 2019 22H2 DC L2]]></GPODisplayName></BackupInst></Backups>