<BackupInst xmlns="http://www.microsoft.com/GroupPolicy/GPOOperations/Manifest"><GPOGuid><![CDATA[{0F6FBD3F-04C4-4906-8475-88ED64E68F72}]]></GPOGuid><GPODomain><![CDATA[CIS.BM]]></GPODomain><GPODomainGuid><![CDATA[{09a94884-59a0-4a2a-8795-69a6bc23c4e7}]]></GPODomainGuid><GPODomainController><![CDATA[WindowsBMDC.CIS.BM]]></GPODomainController><BackupTime><![CDATA[2022-09-19T14:49:03]]></BackupTime><ID><![CDATA[{ED1C51E2-AA7B-4711-BBB8-E02B42C1289D}]]></ID><Comment><![CDATA[CIS Azure Compute Microsoft Windows Server 2019 v1.0.0 Domain Controller Next Generation]]></Comment><GPODisplayName><![CDATA[Windows Server 2019 Azure 21H2 DC NGWS]]></GPODisplayName></BackupInst>
