<BackupInst xmlns="http://www.microsoft.com/GroupPolicy/GPOOperations/Manifest"><GPOGuid><![CDATA[{44F6F262-D451-465B-A195-A15F714043B5}]]></GPOGuid><GPODomain><![CDATA[CIS.BM]]></GPODomain><GPODomainGuid><![CDATA[{09a94884-59a0-4a2a-8795-69a6bc23c4e7}]]></GPODomainGuid><GPODomainController><![CDATA[WindowsBMDC.CIS.BM]]></GPODomainController><BackupTime><![CDATA[2023-04-11T19:57:57]]></BackupTime><ID><![CDATA[{90DD3AC6-D431-4596-AFF9-31E934199FB9}]]></ID><Comment><![CDATA[CIS Microsoft Windows Server 2019 v2.0.0 Member Server Level 1]]></Comment><GPODisplayName><![CDATA[Windows Server 2019 22H2 MS L1]]></GPODisplayName></BackupInst>
