<BackupInst xmlns="http://www.microsoft.com/GroupPolicy/GPOOperations/Manifest"><GPOGuid><![CDATA[{A55793F8-7029-428A-A2F8-1321540705DB}]]></GPOGuid><GPODomain><![CDATA[CIS.BM]]></GPODomain><GPODomainGuid><![CDATA[{09a94884-59a0-4a2a-8795-69a6bc23c4e7}]]></GPODomainGuid><GPODomainController><![CDATA[WindowsBMDC.CIS.BM]]></GPODomainController><BackupTime><![CDATA[2023-01-24T15:40:37]]></BackupTime><ID><![CDATA[{4819FE31-80B9-4532-A349-BA141E127C08}]]></ID><Comment><![CDATA[CIS Azure Compute Microsoft Windows Server 2022 v1.0.0 - Level 1 Member Server]]></Comment><GPODisplayName><![CDATA[Windows Server 2022 Azure 21H2 MS L1]]></GPODisplayName></BackupInst>
