<BackupInst xmlns="http://www.microsoft.com/GroupPolicy/GPOOperations/Manifest"><GPOGuid><![CDATA[{292126D6-3D88-4425-B8DD-56FE66F8CE9B}]]></GPOGuid><GPODomain><![CDATA[CIS.BM]]></GPODomain><GPODomainGuid><![CDATA[{09a94884-59a0-4a2a-8795-69a6bc23c4e7}]]></GPODomainGuid><GPODomainController><![CDATA[WindowsBMDC.CIS.BM]]></GPODomainController><BackupTime><![CDATA[2023-04-11T19:58:47]]></BackupTime><ID><![CDATA[{20EFE348-36B3-4EE9-8F64-D3246F89D8A5}]]></ID><Comment><![CDATA[CIS Microsoft Windows Server 2019 v2.0.0 Member Server Next Generation]]></Comment><GPODisplayName><![CDATA[Windows Server 2019 22H2 MS NGWS]]></GPODisplayName></BackupInst>
