<Backups xmlns="http://www.microsoft.com/GroupPolicy/GPOOperations/Manifest" xmlns:mfst="http://www.microsoft.com/GroupPolicy/GPOOperations/Manifest" mfst:version="1.0"><BackupInst><GPOGuid><![CDATA[{7365BE22-BD6C-48E0-A3A2-66AD63150C10}]]></GPOGuid><GPODomain><![CDATA[CIS.BM]]></GPODomain><GPODomainGuid><![CDATA[{09a94884-59a0-4a2a-8795-69a6bc23c4e7}]]></GPODomainGuid><GPODomainController><![CDATA[WindowsBMDC.CIS.BM]]></GPODomainController><BackupTime><![CDATA[2023-04-11T19:33:26]]></BackupTime><ID><![CDATA[{C2E7DCBD-B3A7-4D6F-BDC9-9FD64252793D}]]></ID><Comment><![CDATA[CIS Microsoft Windows Server 2019 v2.0.0 Domain Controller Next Generation]]></Comment><GPODisplayName><![CDATA[Windows Server 2019 22H2 DC NGWS]]></GPODisplayName></BackupInst></Backups>