<Backups xmlns="http://www.microsoft.com/GroupPolicy/GPOOperations/Manifest" xmlns:mfst="http://www.microsoft.com/GroupPolicy/GPOOperations/Manifest" mfst:version="1.0"><BackupInst><GPOGuid><![CDATA[{0BFE83F0-99AA-40F0-ACB9-466EC4B09725}]]></GPOGuid><GPODomain><![CDATA[CIS.BM]]></GPODomain><GPODomainGuid><![CDATA[{09a94884-59a0-4a2a-8795-69a6bc23c4e7}]]></GPODomainGuid><GPODomainController><![CDATA[WindowsBMDC.CIS.BM]]></GPODomainController><BackupTime><![CDATA[2023-04-11T19:32:53]]></BackupTime><ID><![CDATA[{227C9DB3-B23D-4CBA-A45F-A8FF575593CB}]]></ID><Comment><![CDATA[CIS Microsoft Windows Server 2019 v2.0.0 Domain Controller Services Level 1]]></Comment><GPODisplayName><![CDATA[Windows Server 2019 22H2 DC L1 Services]]></GPODisplayName></BackupInst></Backups>