<Backups xmlns="http://www.microsoft.com/GroupPolicy/GPOOperations/Manifest" xmlns:mfst="http://www.microsoft.com/GroupPolicy/GPOOperations/Manifest" mfst:version="1.0"><BackupInst><GPOGuid><![CDATA[{53E55924-E71E-484C-9479-8789A7D9791E}]]></GPOGuid><GPODomain><![CDATA[CIS.BM]]></GPODomain><GPODomainGuid><![CDATA[{09a94884-59a0-4a2a-8795-69a6bc23c4e7}]]></GPODomainGuid><GPODomainController><![CDATA[WindowsBMDC.CIS.BM]]></GPODomainController><BackupTime><![CDATA[2022-09-19T14:49:46]]></BackupTime><ID><![CDATA[{893B73FA-BD9A-476A-9972-24C0BC746820}]]></ID><Comment><![CDATA[CIS Azure Compute Microsoft Windows Server 2019 v1.0.0 Member Server Level 1]]></Comment><GPODisplayName><![CDATA[Windows Server 2019 Azure 21H2 MS L1]]></GPODisplayName></BackupInst></Backups>