<Backups xmlns="http://www.microsoft.com/GroupPolicy/GPOOperations/Manifest" xmlns:mfst="http://www.microsoft.com/GroupPolicy/GPOOperations/Manifest" mfst:version="1.0"><BackupInst><GPOGuid><![CDATA[{B620F277-0D06-4FFD-9A9F-FC680C7281CF}]]></GPOGuid><GPODomain><![CDATA[CIS.BM]]></GPODomain><GPODomainGuid><![CDATA[{09a94884-59a0-4a2a-8795-69a6bc23c4e7}]]></GPODomainGuid><GPODomainController><![CDATA[WindowsBMDC.CIS.BM]]></GPODomainController><BackupTime><![CDATA[2023-04-11T19:34:03]]></BackupTime><ID><![CDATA[{CEEC7EFE-7CEC-42BF-BC95-C1C966FE86E2}]]></ID><Comment><![CDATA[CIS Microsoft Windows Server 2019 v2.0.0 User Level 2]]></Comment><GPODisplayName><![CDATA[Windows Server 2019 22H2 User L2]]></GPODisplayName></BackupInst></Backups>