<BackupInst xmlns="http://www.microsoft.com/GroupPolicy/GPOOperations/Manifest"><GPOGuid><![CDATA[{4A17A8A0-089A-4A5B-AC0B-8EEC271B053A}]]></GPOGuid><GPODomain><![CDATA[CIS.BM]]></GPODomain><GPODomainGuid><![CDATA[{09a94884-59a0-4a2a-8795-69a6bc23c4e7}]]></GPODomainGuid><GPODomainController><![CDATA[WindowsBMDC.CIS.BM]]></GPODomainController><BackupTime><![CDATA[2022-09-19T14:50:10]]></BackupTime><ID><![CDATA[{2EC66CE9-762F-48D4-BEEC-40FA14632575}]]></ID><Comment><![CDATA[CIS Azure Compute Microsoft Windows Server 2019 v1.0.0 Member Server Next Generation]]></Comment><GPODisplayName><![CDATA[Windows Server 2019 Azure 21H2 MS NGWS]]></GPODisplayName></BackupInst>
