<Backups xmlns="http://www.microsoft.com/GroupPolicy/GPOOperations/Manifest" xmlns:mfst="http://www.microsoft.com/GroupPolicy/GPOOperations/Manifest" mfst:version="1.0"><BackupInst><GPOGuid><![CDATA[{D7DA9E4B-33FE-4A21-B189-E77AC890734C}]]></GPOGuid><GPODomain><![CDATA[CIS.BM]]></GPODomain><GPODomainGuid><![CDATA[{09a94884-59a0-4a2a-8795-69a6bc23c4e7}]]></GPODomainGuid><GPODomainController><![CDATA[WindowsBMDC.CIS.BM]]></GPODomainController><BackupTime><![CDATA[2023-04-11T19:58:30]]></BackupTime><ID><![CDATA[{15CFABB2-C34C-4A67-868E-13043BAB8739}]]></ID><Comment><![CDATA[CIS Microsoft Windows Server 2019 v2.0.0 Member Server Services Level 2]]></Comment><GPODisplayName><![CDATA[Windows Server 2019 22H2 MS L2 Services]]></GPODisplayName></BackupInst></Backups>