<Backups xmlns="http://www.microsoft.com/GroupPolicy/GPOOperations/Manifest" xmlns:mfst="http://www.microsoft.com/GroupPolicy/GPOOperations/Manifest" mfst:version="1.0"><BackupInst><GPOGuid><![CDATA[{EAD80027-37B0-4303-8664-5D4BD7C4AE82}]]></GPOGuid><GPODomain><![CDATA[CIS.BM]]></GPODomain><GPODomainGuid><![CDATA[{09a94884-59a0-4a2a-8795-69a6bc23c4e7}]]></GPODomainGuid><GPODomainController><![CDATA[WindowsBMDC.CIS.BM]]></GPODomainController><BackupTime><![CDATA[2023-04-11T19:33:48]]></BackupTime><ID><![CDATA[{7C00A7EC-39B5-4AFC-AFDC-0729C1F81475}]]></ID><Comment><![CDATA[CIS Microsoft Windows Server 2019 v2.0.0 User Level 1]]></Comment><GPODisplayName><![CDATA[Windows Server 2019 22H2 User L1]]></GPODisplayName></BackupInst></Backups>