<Backups xmlns="http://www.microsoft.com/GroupPolicy/GPOOperations/Manifest" xmlns:mfst="http://www.microsoft.com/GroupPolicy/GPOOperations/Manifest" mfst:version="1.0"><BackupInst><GPOGuid><![CDATA[{67B90983-B0FC-487F-B4F2-264C11677CE0}]]></GPOGuid><GPODomain><![CDATA[CIS.BM]]></GPODomain><GPODomainGuid><![CDATA[{09a94884-59a0-4a2a-8795-69a6bc23c4e7}]]></GPODomainGuid><GPODomainController><![CDATA[WindowsBMDC.CIS.BM]]></GPODomainController><BackupTime><![CDATA[2023-01-24T15:41:08]]></BackupTime><ID><![CDATA[{2748246D-5B59-4F04-A269-3C43E0012B33}]]></ID><Comment><![CDATA[CIS Azure Compute Microsoft Windows Server 2022 v1.0.0 - Next Generation Member Server]]></Comment><GPODisplayName><![CDATA[Windows Server 2022 Azure 21H2 MS NGWS]]></GPODisplayName></BackupInst></Backups>