<Backups xmlns="http://www.microsoft.com/GroupPolicy/GPOOperations/Manifest" xmlns:mfst="http://www.microsoft.com/GroupPolicy/GPOOperations/Manifest" mfst:version="1.0"><BackupInst><GPOGuid><![CDATA[{12E7FC4E-14B8-466F-9689-E1F9B740ECFC}]]></GPOGuid><GPODomain><![CDATA[CIS.BM]]></GPODomain><GPODomainGuid><![CDATA[{09a94884-59a0-4a2a-8795-69a6bc23c4e7}]]></GPODomainGuid><GPODomainController><![CDATA[WindowsBMDC.CIS.BM]]></GPODomainController><BackupTime><![CDATA[2022-08-11T20:08:37]]></BackupTime><ID><![CDATA[{7A3A67B5-4AB8-4ED6-97D8-597D917B07BD}]]></ID><Comment><![CDATA[]]></Comment><GPODisplayName><![CDATA[Windows Server 2019 Azure 21H2 DC L1]]></GPODisplayName></BackupInst></Backups>